{"cameraMode":{"drawMode":0,"name":"Shaded","section":"Shading Mode"},"sceneLighting":true,"audioPlay":false,"sceneViewState":{"m_AlwaysRefresh":false,"showFog":true,"showSkybox":true,"showFlares":true,"showImageEffects":true,"showParticleSystems":true,"showVisualEffectGraphs":true,"m_FxEnabled":true},"in2DMode":false,"pivot":{"x":462.7765808105469,"y":1.1632664203643799,"z":452.1636657714844},"rotation":{"x":0.20541998744010926,"y":-0.7478691339492798,"z":0.26903507113456728,"w":0.5710868239402771},"size":3.0788028240203859,"orthographic":false}