{"cameraMode":{"drawMode":0,"name":"Shaded","section":"Shading Mode"},"sceneLighting":true,"audioPlay":false,"sceneViewState":{"m_AlwaysRefresh":false,"showFog":true,"showSkybox":true,"showFlares":true,"showImageEffects":true,"showParticleSystems":true,"showVisualEffectGraphs":true,"m_FxEnabled":true},"in2DMode":false,"pivot":{"x":466.9688415527344,"y":0.3055272102355957,"z":451.44732666015627},"rotation":{"x":0.014083273708820343,"y":-0.9587953686714172,"z":0.27966469526290896,"w":0.048305444419384},"size":7.513574600219727,"orthographic":false}